Category,Type/Model,Condition,Total Sold
Pressed powder,,,551
Face,,,268
Legacy Sticker,,,98
Service & Polish,,Unworn (100%),82
Rubber B Strap,,,76
Advanced Night Repair Concentrated Recovery Eye Mask,,,34
Skincare set,,,23
Makeup Pouch,,,19
FM Aftersetting Cost,,Unworn (100%),17
Face Illuminator,,,16
Bronzer,,,14
Single Malt Scotch Whisky,,,12
124060 (Submariner),,,11
126610LV (Submariner Date),,,11
126710BLNR Jubilee (GMT Master II),,,11
277200 Tiffany Blue ( Oyster Perpetual 31),,,9
136660 (Seadweller),,,8
124300 Green (Oyster Perpetual 41),,,7
126334 Wimbledon Jubilee (Datejust 41),Datejust 41,Unworn (100%),7
126334 Black Jubilee (Datejust 41),,,7
226570 White (Explorer II),,,7
31032425002001 ( Speedmaster Snoppy White),,,6
5167A (Aquanaut),,,6
126500LN White (Daytona),Daytona,Unworn (100%),6
278274 Blue Roman Jub (Datejust 31),,,5
126500LN White (Daytona),,,5
PAM01085 (Luminor Blu Mare 44mm),Luminor Blu Mare,Unworn (100%),5
PP STRAP,,Unworn (100%),5
V 45 SC DT Black Dragon AC Limited,,,5
126900 (Air King),,,5
21090422001001 (Seamaster Diver 300M),,,5
126720VTNR Black (Jub),,,5
5712G (Nautilus),,,5
V 32 SC AT FO AC.NR (NR.BLC AC),,,4
124270 Black (Explorer 36),,,4
228239 Green (Day Date 40),,,4
336934 Green Jub (Sky Dweller),Sky-Dweller,Unworn (100%),4
126710BLNR Jubilee (GMT Master II),GMT Master II,Unworn (100%),4
116518LN (Daytona Gold),,,4
7118/1200A (Nautilus),,,4
126000 Tiffany Blue (Oyster Perpetual 36),Oyster Perpetual 36,Unworn (100%),4
PAM01084 (Luminor),Luminor Logo 44,Unworn (100%),4
PAM01370 (Luminor Quaranta),,,4
278271G Choco (Datejust 31),,,4
Eye Curler,,,4
278271 Pink Roman Jub (Datejust 31),Datejust 31,Unworn (100%),3
Lip Oil,,,3
126200 Blue Oyster (Datejust 36),,,3
126000 Celebration (Oyster Perpetual 36),,,3
278274 Green Index Jubilee (Datejust 31),,,3
126231 Wimbledon Jub (Datejust 36),Datejust 36,Unworn (100%),3
V 32 QZ AC.BU,,,3
5396G (Complications),Complications,Unworn (100%),3
21032422001001 Black (Sea Master Diver 300m),,,3
22010412103004 (Seamaster Aqua Terra),,,3
PAM 01314 ( Luminor Marina White ),,,3
116500LN Black (Daytona),,,3
228235 Green (Daydate),,,3
4910/1200A Green (Twenty~4),,,3
WSTA0042 (Tank Must),,,3
WSSA0022 (Santos Dumont),,,3
126515LN Black (Cosmograph Daytona),,,3
22010412110001 (Seamaster Aqua Terra),,,3
268655 Black (Yacht-Master 37),,,3
277200 Green (Oyster Perpetual 31),,,3
5168G Green (Aquanaut),,,3
278381RBR MOP Jub (Datejust 31),,,3
21032422004001 (Sea Master Diver 300m),,,2
126231 Wimbledon Jub (Datejust 36),,,2
CBN2A1AA.FT6228 (Carrera Chronograph),,,2
126234VIIX Purple Jub (Datejust 36),Datejust 36,Unworn (100%),2
126234 Green Index Jub (Datejust 36),Datejust 36,Unworn (100%),2
126515LNG Black (Cosmograph Daytona),Cosmograph Daytona,Unworn (100%),2
126718GRNR (GMT-Master II),,,2
126719BLRO Meteorite (GMT Master II),,,2
7300/1200A (Twenty~4),,,2
126300 Grey Roman Oys (Datejust 41),,,2
PAM01247 (Luminor Due),Luminor Due 38,Unworn (100%),2
5726/1A (Nautilus),Nautilus,Unworn (100%),2
SBR8A81.EB0251 (CONNECTED CALIBRE E4 GOLF EDITION),Connected Golf Calibre E4,Unworn (100%),2
126200 Silver Index Oys (Datejust 36),,,2
126234 Black Index Jubilee (Datejust 36),,,2
126334 Blue Index Oyster (Datejust 41),,,2
136660 (Seadweller),Seadweller,Unworn (100%),2
V 32 QZ BLC RS AC (Vanguard),Vanguard,Unworn (100%),2
126710BLNR Jubilee (GMT Master II),GMT-Master II,Unworn (100%),2
Hair Oil,,,2
PAM 01232 (Submersible QuarantaQuattro),,,2
116710LN Black Panther (GMT MASTER-II),,,2
126506A Platinum Ice Blue Baguette (Daytona),,,2
278274NG White MOP Jub (Datejust 31),,,2
116518 Paul Newman (Daytona),,,2
126334 White Jubilee (Datejust 41),Datejust 41,Unworn (100%),2
5968A (Aquanaut),,,2
278274 Grey Roman Jub (Datejust 31),,,2
126234 Green Index Jub (Datejust 36),,,2
126234 Black Index Jubilee (Datejust 36),Datejust 36,Unworn (100%),2
278271NG White Jub (Datejust 31),,,2
126333 Wim Jub (Datejust 41),Datejust 41,Unworn (100%),2
278273G Rhodium Jub (Datejust 31),,,2
5726/1A (Nautilus),,,2
126603 (Sea-Dweller),,,2
V 32 QZ AC.RS,,,2
126281VIIX Pink Jub (Datejust 36),Datejust 36,Unworn (100%),2
5968R Choco (Aquanaut),,,2
126334 Black Index Oys (Datejust 41),Datejust 41,Unworn (100%),2
126720VTNR Black (Jub),GMT Master II,Unworn (100%),2
WBP1110.BA0627 (Aquaracer),,,2
116503 Black (Daytona),Daytona,Unworn (100%),2
Kelly 25 Nata Epsom inside Ocre PHW,,,2
5168G Blue (Aquanaut),Aquanaut,Unworn (100%),2
Springtime In A Park Eau De Toilette 100ml,,,2
"Vanguard V32 QZ NR AC Black Dial, White Numbers",,,2
PAM01248 Red (Luminor),,,2
L37814766 (Hydroconquest 41),Hydroconquest 41,Unworn (100%),2
Face Wash,,,2
PAM 01086 (Luminor Base Logo),Luminor Logo 44,Unworn (100%),2
Foam Cleanser,,,2
WSPN0006 (Panthère Silver),Panthère Silver,Unworn (100%),2
124200 Pink (Oyster Perpetual 34),,,2
116523 (Daytona),Daytona,,2
124300 Tiffany Celebration,Oyster Perpetual 41,Unworn (100%),2
7118/1200A (Nautilus),Nautilus,Mint/Like New (95%),2
WBP1112.FT6199 (Aquaracer 40),Aquaracer 40,Unworn (100%),1
126234 White Roman Jub (Datejust 36),,,1
,Speedmaster Anniversary,Good (80%),1
Service & Polish,Luminor Due,Unworn (100%),1
ADI - TUDOR BLACK BAY 41 - VULCHROMATIC® T800-BK/VCSBK - PO Mr. Kim Chiung,,,1
RM67-01 RG (Watch Automatic Winding Extra Flat),Automatic Winding Extra Flat,Unworn (100%),1
214270 (Explorer),,,1
V 45 SC DT BLC BLC AC,,,1
77450SR (RO),Royal Oak,Unworn (100%),1
WAZ1110.FT8023 (Formula 1 Quartz Black),Formula 1,Unworn (100%),1
RM037 Ti-CA (Automatic Winding),,,1
278271G Choco (Datejust 31),Datejust 31,Unworn (100%),1
278271 White Roman Jub (Datejust 31),,,1
5164A (Aquanut),Aquanaut,Unworn (100%),1
21022422003001 Blue (Seamaster Diver),,,1
277200 Red (Oyster Perpetual 31),,,1
126711CHNR (GMT Master II),GMT-Master II,Excellent (90%),1
126200 Blue Jub (Datejust 36),,,1
ADI - T805-BK - TUDOR BB 41 CERAMIC,,,1
21030422004001 (Sea Master Diver 300m),Seamaster Diver 300m,Unworn (100%),1
5261R (Aquanaut),Aquanaut,New Old Stock (99%),1
336938 Champagne (Sky Dweller),,,1
L37404566 (hydroconquest),hydroconquest 41,Unworn (100%),1
116515LN Choco (Daytona),,,1
16202ST (Royal Oak),Royal Oak,Unworn (100%),1
All Nighter Long Lastig Makeup Setting Spray,,,1
15510ST.OO.1320ST.04 (Royal Oak Green),,Good (80%),1
Cartier Strap,,,1
5726A (Nautilus),Nautilus,Good (80%),1
128235 Eisenkiesel (Day-Date 36),Day-Date 36,Mint/Like New (95%),1
M79230N-0009 (Black Bay),,,1
15503BC.OO.1220BC.01 (Royal Oak),,,1
116520 (Daytona),,,1
116500LN White (Daytona),Daytona,Good (80%),1
PP STRAP,Nautilus,,1
WBP201D.FT6197 (Aquaracer White),,,1
21032422004001 (Sea Master Diver 300m),Sea Master Diver 300m,Mint/Like New (95%),1
116710LN Black Panther (GMT MASTER-II),GMT-Master II,Good (80%),1
WSSA0071 (Santos),Santos,Unworn (100%),1
26402CE.OO.A002CA.01 (Royal Oak Offshore),ROO,Mint/Like New (95%),1
23430412103001 (Seamaster 300),,,1
126509-0001 (Cosmograph Daytona watch: 18 ct white gold),,,1
13110286060001 (	Constellation Quartz),Constellation Quartz,Unworn (100%),1
126334 White Jubilee (Datejust 41),,,1
31032425001002 Black (Leather Strap),Speedmaster Moonwatch,Unworn (100%),1
Vanguard V32 QZ COL DRM AC NR NR COL DRM,,,1
Rolex Strap,,,1
116233G Silver Jub (Datejust 41),,,1
WBP201A.FT6197 (Aquaracer 300M Black),,,1
Service & Polish,,Fair (70%),1
,Tank Must,Unworn (100%),1
WBP201A.BA0632 (Aquaracer 300M Black),Aquaracer 43,Unworn (100%),1
SBR8A85.EB0338 (CONNECTED CALIBRE E4 MALBON GOLF EDITION),,,1
128235A (Day-Date 36),Day-Date 36,Unworn (100%),1
A17367A11L1W1 (Superocean 44),Superocean 44,New Old Stock (99%),1
L38304926 (Conquest),Conquest 41,Unworn (100%),1
SAC CONSTANCE III MINI MIROIR VEAU NATA  EPSOM PHW B,Constance,Unworn (100%),1
15550ST.OO.1356ST.08 (Royal Oak),,,1
3130BB/1986 (Classic Power Reserve),,,1
B.ZERO1 NECKLACE 359618,B.ZERO1 NECKLACE 359618,Unworn (100%),1
CAZ1011.BA0842 (Formula 1 43),Formula 1 43,Unworn (100%),1
104076 (Aluminium Smeraldo),,,1
5167R-001 (Aquanaut),Aquanaut,Unworn (100%),1
V 41 SC DT YACHTING BL AC,,,1
226627 (Titanium Yacht-Master),Titanium Yacht-Master,Unworn (100%),1
77351ST.ZZ.1261ST.01 (Royal Oak),,,1
PANERAI STRAP,,Unworn (100%),1
5980R (Nautilus),,,1
IW503506 (Portuguese Annual Calendar Grey),,,1
5712GR-001 (Nautilus),Nautilus,Good (80%),1
126621 Black (Yacht-Master),,,1
WSSA0061 (Santos De Cartier),Santos De Cartier,Unworn (100%),1
V 41 YT SC DT AC BL Koi,,,1
26420CE Black (ROO 43),ROO 43,Unworn (100%),1
279173 White Jub (Lady Datejust 28),,,1
126720VTNR (GMT-Master II Black),GMT Master II,Unworn (100%),1
126300 Green Index Jub (Datejust 41),,,1
550.NS.1800.RX.ORL19 (Classic Fusion Orlinski),,,1
15551ST.ZZ.1356ST.05 (Royal Oak),,,1
228236 Blue (Day-Date 40),Day-Date 40,Mint/Like New (95%),1
Galata Togo Beige for 3 Watches,Galata,Unworn (100%),1
31030405006001 (Speedmaster),Speedmaster,Unworn (100%),1
RM07-01 Red Gold,,,1
103711 (Bulgari Watch),Bulgari Watch,Unworn (100%),1
278273VI Silver Jub (Datejust 31),,,1
21032422004001 (Sea Master Diver 300m),Seamaster Diver 300m,Unworn (100%),1
136668LB (Deepsea 44mm Yellow Gold Blue),,,1
13110286011001 (Constellation Pink),Constellation Quartz,Unworn (100%),1
L5512471A (Dolcevita),Dolcevita,Unworn (100%),1
CAZ201G.BA0876 (Formula 1 Chronograph),Formula 1,Unworn (100%),1
126234 Blue Fluted Jubilee (Datejust 36),Datejust 36,Excellent (90%),1
7597BR/G1/9WU (Tradition Retrograde),,,1
BR05A-BL-CE/SRB (BR 05 Black Ceramic),BR 05 Black Ceramic,Unworn (100%),1
7110/1R Purple (Nautilus),,,1
126233 Wimbledon Jub (Datejust 36),,,1
PAM01391 (Luminor Submersible Blue),,,1
Q2458422 (Reverso),Reverso,Unworn (100%),1
542.NX.7170.RX (Classic Fusion Blue),Classic Fusion,Unworn (100%),1
116681 (Yacht-Master II),Yacht-Master II,Excellent (90%),1
,Big Bang Unico 44,Excellent (90%),1
RM055 NTPT,,,1
WSTA0042 (Tank Must),Tank Must,Excellent (90%),1
V45 SC DT YACHTING BL AC,,,1
CBN2A1AA.BA0643 (Carrera Chronograph),Carrera,Unworn (100%),1
126333 Silver Oys (Datejust 41),Datejust 41,Unworn (100%),1
21523402004001 (Seamaster Planet Ocean),Seamaster Planet Ocean,Unworn (100%),1
Blanche EDP,,,1
126334 Blue Index Jubilee (Datejust 41),Datejust 41,Fair (70%),1
126234VIIX Purple Jub (Datejust 36),,,1
126234 Green Palm Jubilee (Datejust 36),,,1
Light Reflecting Foundation shade #L0 Siberia 30ml,,,1
PAM01180 (Luminor Due Luna),Luminor Due Luna,Unworn (100%),1
642.NE.2010.RW (Spirit of Big Bang Titanium White Pavé 42 mm),,,1
M7939G1A0NRU-0001 (Black Bay 58 GMT),Black Bay 58 GMT,Unworn (100%),1
PAM00389 (Luminor Submersible 1950),,,1
PAM01391 (Luminor Submersible Blue),Submersible QuarantaQuattro Luna Rossa,Good (80%),1
Birkin 25 Etoupe Togo GHW W,Birkin,Unworn (100%),1
5236P (Perpetual Calendar),Perpetual Calendar,Unworn (100%),1
226659 (Yacht-Master 42),Yacht-Master 42,Unworn (100%),1
126234G Salmon Computer (Datejust 36),,,1
456.EX.5120.EX (Big Bang Integrated Time Only Sky Blue Ceramic),Big Bang,Unworn (100%),1
226659 (Yacht-Master 42),Yacht-Master 42,Good (80%),1
BR05A-BLU-ST/SRB (BR 05),,,1
L52004752 (Mini Dolcevita),Mini Dolcevita 21.5,Unworn (100%),1
PAM01347 Brown (Radiomir),,,1
5267/200A White (Aquanaut Ladies),Aquanaut,Excellent (90%),1
26420IO Grey (ROO),,,1
5905/1A (Annual Calendar Chronograph),Complications,Unworn (100%),1
126710BLNR Oyster (GMT Master II),GMT Master II,Good (80%),1
126713GRNR (GMT-Master II Black),GMT Master II,Mint/Like New (95%),1
178344 (Datejust 31 silver roman),,,1
326135 Choco (Sky-Dweller),,,1
WGSA0031 (Santos de Cartier),,,1
126300 Blue Index Jubilee (Datejust 31),,,1
BRX5R-IB-ST/SST ICE BLUE STEEL,,,1
126234 Blue Index Jubilee (Datejust 36),,,1
V 45 SC DT NR AC,,,1
31032425001002 Black (Leather Strap),,,1
X82310A71B1S2 (Endurance Pro 44),Endurance Pro 44,Unworn (100%),1
L52554716 (Dolcevita),Dolcevita,Unworn (100%),1
7118/1200R White Nautilus,Nautilus,Unworn (100%),1
128348RBR Green (Day-Date 36),Day-Date 36,Unworn (100%),1
103708 (Serpenti Tubogas),Serpenti Tubogas,Unworn (100%),1
03.3100.3600/69.M3100 (Chronomaster Sport),,,1
4520V/210A-B128 (Overseas),,,1
124300 Green (Oyster Perpetual 41),Oyster Perpetual,Unworn (100%),1
Home Candle,,,1
5990/1A (Nautilus),Nautilus,Good (80%),1
5980/1R (Nautilus),,,1
126234 Green Palm Motif Jub (Datejust 36),,,1
336934 Blue Jub (Sky-Dweller),Sky-Dweller,Mint/Like New (95%),1
WGBA0022 (Baignoire 1920),Baignoire 1920,Unworn (100%),1
Oxford,,,1
126519LN Black (Daytona),Daytona,Good (80%),1
228239 Blue Roman (Day-Date 40),Day-Date 40,Unworn (100%),1
26238TI.OO.A056CA.01 (Green),,,1
4000V/210A-B911 (Overseas moon phase retrograde date - 41 mm),Overseas moon phase retrograde date,Unworn (100%),1
Rose Hand Cream 75ml,,,1
SBGA407 (Elegance Collection),Elegance Collection,Excellent (90%),1
22012432203001 (Seamaster Aqua Terra 150M),Seamaster Aqua Terra 150M,Unworn (100%),1
5270P (Grand Complications),,,1
21032422004001 (Sea Master Diver 300m),Seamaster Co-Axial 300M,Unworn (100%),1
126283VIIX Green Jub (Datejust 36),,Unworn (100%),1
126610LN (Submariner Date 41),Submariner,Unworn (100%),1
26420OI.OO.A015VE.01 (Royal Oak Offshore),,,1
15510ST.OO.1320ST.10 (Royal Oak),,,1
Birkin 30 Gris Meyer Togo GHW B,,,1
116523 (Daytona),,,1
126655 (Yacht-Master 40),,Excellent (90%),1
581.NX.7170.RX.1104 (Classic Fusion Titanium and Diamond),Classic Fusion,Unworn (100%),1
5160/500G (Grand Complications),,,1
116515LN Daytona Black,,Unworn (100%),1
5935A (Complications),,,1
WSPN0007 (Panthere Silver),Panthère Silver,Unworn (100%),1
126333G (Datejust 41 Black),Datejust 41,Fair (70%),1
124270 Black 3 Arabic Numerals,,,1
Kelly 25 Gold Togo GHW W,,,1
M79030N-0001 (Black Bay 58),Black Bay 58,Unworn (100%),1
Kelly 25 Veau Swift Perso GHW U (Special Order in Sakura),,,1
278271VI Choco Jub (Datejust 31),Datejust 31,Unworn (100%),1
126508 Paul Newman (Daytona),,,1
RM67-02 Sebastian Ogier,,,1
126610LN (Submariner Date 41),Datejust 31,Unworn (100%),1
26238ST.OO.A340CA.01 Blue Dial,,,1
Omega Bracelet,,Unworn (100%),1
278273 Black MOP Jub (Datejust 31),,,1
Vanguard V45 SC DT TT BR.NR,,,1
26400AU (Royal Oak Offshore Chronograph),,,1
336934 Black Oys (Sky-Dweller),,,1
26239OR.GG.1224OR.01 (Royal Oak),Royal Oak,Unworn (100%),1
WSPA0009 (Pasha De Cartier),,,1
PAM02683 (Luminor Submersible Black),,,1
Service & Polish,Seamaster Diver,Good (80%),1
Service & Polish,Nautilus,Unworn (100%),1
13110286011001 (Constellation Pink),Constellation Pink,Unworn (100%),1
581.NX.7170.LR (Classic Fusion Titanium Quartz 33mm),,,1
126300 Mint Green Oys,Datejust 41,Unworn (100%),1
126334 Blue Roman Oyster (Datejust 41),,,1
L55124716 (Dolcevita),Dolcevita 23,Unworn (100%),1
336235 (Sky-Dweller),Sky-Dweller,Unworn (100%),1
Submariner 41mm Tang Buckle Series Jet Black M206-BK,,,1
RM67-01 RG (Watch Automatic Winding Extra Flat),RM67,,1
278274 Blue Roman Jub (Datejust 31),Datejust 31,Unworn (100%),1
126300 Blue Index Jubilee (Datejust 31),Datejust 41,Unworn (100%),1
WSBB0030 Black (Ballon Bleu),Ballon Bleu,Unworn (100%),1
RM67-01 Ti,RM67,Unworn (100%),1
116519LN (Daytona),Daytona,Unworn (100%),1
RM65-01 NTPT Carbon Chronograph,,,1
278271NG Jub,,,1
IW459601 (Portofino Automatic Moon Phase 37),,,1
268621 Black Oys (Yacht-Master),,,1
Lip Sleeping Mask EX #Berr,,,1
278274 Blue Floral Jub,Datejust 31,Unworn (100%),1
5172G (Complications),Complications,Unworn (100%),1
V 32 QZ 5N.RG,Vanguard,Unworn (100%),1
5712R (Nautilus),,,1
5224R (Calatrava),,,1
5164A-001 Black (Aquanaut),,,1
15202ST Blue (RO Jumbo),Royal Oak,Unworn (100%),1
116515LN Black Diamonds,Daytona,Unworn (100%),1
Light Reflecting Foundation shade #Light 2 30ml,,,1
Chanel Kelly Small Black in Gold Hardware,Chanel Kelly,Unworn (100%),1
116659SABR (Submariner),Submariner,Good (80%),1
Rubber B - APC41-NV - AP 41mm ON STRAP,,,1
L37814966 (hydroconquest),Hydroconquest,Unworn (100%),1
77450SR.OO.1361SR.02 Rose Gold (Royal Oak),,,1
6007G (Calatrava),Calatrava,Good (80%),1
"WSSA0032 (Santos Dumont XL ""Mechanical"")",,,1
L55124715 (Dolcevita),Dolcevita,Unworn (100%),1
278271 Silver Floral Motif Jub (Datejust 31),,,1
RM07 - 04,RM07,Unworn (100%),1
WSSA0063 (Santos de Cartier),Santos,Unworn (100%),1
565.CM.1470.RX (Classic Fusion Black Magic 38 mm),,Unworn (100%),1
ROLEX BOX,,,488
ROLEX BOX,,Unworn (100%),254
Fragrance,,,92
Parfume,,,81
Eyecream,,,61
Lip Balm,,,28
Eyeshadow,,,23
parfum,,,19
126610LN (Submariner Date 41),,,17
Face Masks,,,15
WSTA0041 (Tank Must),,,13
Lips,,,12
Cushion,,,11
Blended Whisky,,,11
126710BLRO Jubilee (GMT Master II),,,10
278271NG White Mop Jub (Datejust 31),Datejust 31,Unworn (100%),8
Billstone Box,,,8
5726A (Nautilus),,,7
126720VTNR Oys (Black),,,7
126334 Wimbledon Jubilee (Datejust 41),,,7
126610LV (Submariner Date),Submariner Date,Unworn (100%),6
126711CHNR (GMT Master II),GMT Master II,Unworn (100%),6
116500LN White (Daytona),,,6
31030425001002 (Speedmaster Professional Moonwatch),Speedmaster Moonwatch,Unworn (100%),6
336934 Blue Oys (Sky-Dweller),Sky-Dweller,Unworn (100%),5
PAM01370 (Luminor Quaranta),Luminor Quaranta 40,Unworn (100%),5
126613LN (Submariner Date),,,5
124300 Blue Oys (Oyster Perpetual 41),Oyster Perpetual 41,Unworn (100%),5
279171G Choco Jub (Lady Datejust),,,5
21030422001001 (Seamaster Diver 300m),,,5
WSTA0042 (Tank Must),Tank Must,Unworn (100%),5
7010R (Nautilus),,,5
PAM 01312 (Luminor 44 Marina),,,5
278271G Pink (Datejust 31),Datejust 31,Unworn (100%),4
126719BLRO Blue (GMT Master II),,,4
31030425004001 (Speedmaster Moonwatch Professional 42 mm),Speedmaster Moonwatch,Unworn (100%),4
279171NG Jub (Lady Datejust),,,4
STRAP Gunny,,Unworn (100%),4
7118/1A (Nautilus),,,4
V 32 SC AT FO AC.BLC,Vanguard,Unworn (100%),4
5168G Blue (Aquanaut),,,4
126234G  (DATEJUST 36 Blue Motif),,,4
126622 (Yacht-Master 40),,,4
Radiant Creamy Concealer shade #VANILLA 6ml,,,4
126621 Choco (Yacht-Master),,,4
WBP2010.BA0632 (AQUARACER PROFESSIONAL 300 GMT),,,3
PAM01372 (Luminor Quaranta),,,3
7118/1R Champ (Nautilus),,,3
,Daytona,Unworn (100%),3
5524G (Complications),,,3
77350ST (RO),,,3
PAM01084 (Luminor),,,3
5167A (Aquanaut),Aquanaut,Unworn (100%),3
126720VTNR (GMT-Master II Black),,,3
6119G (Calatrava),,,3
V 45 SC DT Blue Marine Dragon AC Limited,,,3
15510ST.OO.1320ST.06 Blue (Royal Oak),,,3
PAM01313 (Luminor Marina),Luminor Marina 44,Unworn (100%),3
Japanese Whiskey,,,3
FM Strap,,,3
126000 Tiffany Blue (Oyster Perpetual 36),,,3
7118/1A (Nautilus),Nautilus,Unworn (100%),3
126519LN (Daytona Grey),Daytona,Unworn (100%),3
126515LN Black (Cosmograph Daytona),Daytona,Unworn (100%),3
15720ST (RO Offshore),,,3
WSTA0041 (Tank Must),,Unworn (100%),3
M79030N-0001 (Black Bay 58),,,2
126600 (Sea-Dweller),Sea-Dweller,Unworn (100%),2
126334G (Date Just 41 Black),Datejust 41,Unworn (100%),2
CBN2A1AA.FT6228 (Carrera Chronograph),Carrera,Unworn (100%),2
WAZ1112.BA0875 (Formula 1 Date 41),Formula 1 Date 41,Unworn (100%),2
542.NX.8970.LR (Classic Fusion Titanium Auto 42mm),,,2
V 41 SC DT BLC BLC AC,,,2
22010412110001 (Seamaster Aqua Terra),Seamaster Aqua Terra,Unworn (100%),2
126234 Silver Index Jubilee (Datejust 36),,,2
126231G Silver Fluted Jub (Datejust 36),,,2
V 32 QZ AC.NR BLC NR AC,,,2
5267/200A Green (Aquanaut Ladies),,,2
77451ST.ZZ.1361ST.04 (Royal Oak),,,2
Soft Matte Complete Concealer shade #HONEY 6.2g,,,2
126233 Wimbledon Jub (Datejust 36),Datejust 36,Unworn (100%),2
126515LNG Black (Cosmograph Daytona),,,2
,Submersible QuarantaQuattro Navy SEALs,Unworn (100%),2
21032422001001 Black (Sea Master Diver 300m),Sea Master Diver 300m,Unworn (100%),2
5269/200R (Aquanut),,,2
4947/1A (Annual Calendar Blue),,,2
5712G (Nautilus),Nautilus,Good (80%),2
126333 Silver Jubilee (Datejust 41),Datejust 41,Unworn (100%),2
WSPN0007 (Panthere Silver),Panthere,Unworn (100%),2
31032425001001 (Speedmaster Professional Moonwatch),,,2
PAM01312,,,2
126719BLRO Meteorite (GMT Master II),GMT Master II,Unworn (100%),2
278273 Green Floral Jub (Datejust 31),Datejust 31,Unworn (100%),2
A17375211B1A1 (Superocean Automatic 42),,,2
126334 Green Jub (Datejust 41),Datejust 41,Unworn (100%),2
126713GRNR (GMT-Master II Black),GMT Master II,Unworn (100%),2
26420SO.OO.A002CA Black (Royal Oak Offshore),,,2
77451OR (Royal Oak),,,2
116508 Green (Daytona),,,2
581.NX.1470.RX.1104 (Classic Fusion Titanium Diamonds 33 mm),,,2
Rolex Strap,,Unworn (100%),2
V 32 SC AT FO NR BLC AC (Vanguard),Vanguard,Unworn (100%),2
126710BLRO Jubilee (GMT Master II),GMT Master II,Unworn (100%),2
Galata -  Togo Beige - Size: 1,Galata,Unworn (100%),2
278274G Pink Jub (Datejust 31),,,2
126334 (Datejust 41mm Mint Green Fluted Motif Jub),,,2
565.CX.1270.RX.MDM (Classic Fusion Black),,,2
M79540-004 (Black Bay 41 41mm),,,2
4500V/110A-B128,,,2
126300 Mint Green Oys,,,2
PAM01361 (Luminor 1950 Blue),Luminor BiTempo 44,Unworn (100%),2
7300/1200A (Twenty~4),Twenty~4,Unworn (100%),2
"WAY211C.BA0928 (Aquaracer Automatic, 41 mm)",,,2
126234NG White (Datejust 36),Datejust 36,Unworn (100%),2
278274G Rhodium Jub (Datejust 31),Datejust 31,Unworn (100%),2
336934 Blue Oys (Sky-Dweller),,,2
CAZ1010.BA0842 (Formula 1 Quartz Black),Formula 1 43,Unworn (100%),2
Billstone Box,,Unworn (100%),2
33210415103001 (Speedmaster '57 Blue),Speedmaster '57,Unworn (100%),2
278271VI Purple (Datejust 31),,,2
5524R-001 (Calatrava Pilot Travel Time),,,2
WSTA0052 (Tank Silver),Tank Must,Unworn (100%),2
M25600TN-0001 (Pelagos),Pelagos,Unworn (100%),1
22010412103004 (Seamaster Aqua Terra),,Unworn (100%),1
228349RBR (Day-Date 40),Day-Date 40,Unworn (100%),1
26420TI Blue (ROO),,,1
V45 SC DT RC GA Z AC,,,1
Hexagon - Togo Dark Blue,Hexagon,Unworn (100%),1
126710GRNR Jub (GMT-Master II),,,1
RM21-02 (Manual Winding Tourbillon),RM21,Unworn (100%),1
Girard Perregaux Laureato 81020-11-431-11A,,,1
WSSA0062  (Santos Green),Santos,Mint/Like New (95%),1
Shea Butter Hand Cream 150ml,,,1
103963 (ALUMINIUM),ALUMINIUM,Unworn (100%),1
"Vanguard V45 SC DT NR AC Black Dial, Black Numbers",,,1
116680 (Yact-Master II),,,1
450.NX.1100.RX (Big Bang e Gen3 Titanium 44 mm),,,1
PAM01391 (Luminor Submersible Blue),Submersible,Unworn (100%),1
126331 White MOP Jub (Datejust 41),,,1
26574BC John Mayer (Royal Oak),,,1
"WSSA0032 (Santos Dumont XL ""Mechanical"")",Santos-Dumont,Unworn (100%),1
Intensive Repair Enriched Infused Oil 100ml,,,1
PAM 1110 (Luminor Chrono),,,1
126334 White Roman Dial (Datejust 41),Datejust 41,Unworn (100%),1
21530402003002 (Seamaster Planet Ocean 600M 39.5 mm),Seamaster Planet Ocean,Unworn (100%),1
5930P (World Time Flyback Chronograph),,,1
Herbag 31 Berline PHW W,,,1
Light Reflecting Foundation	shade #L1 OSLO 30ml,,,1
WSSA0063 (Santos de Cartier),,,1
U8918BR2A364D0 (Reine de Naples),,,1
Kelly 28 Etoupe Epsom Sellier PHW,,,1
V32 SC AT FO AC.RG BLC RGE AC,,,1
Q2458422 (Reverso),,,1
441.CI.1171.RX (Big Bang Unico Black Magic 42mm),,,1
,Automatic Extra Flat,Unworn (100%),1
Kelly 25 Etoupe Togo GHW W,Kelly 25,Unworn (100%),1
26420S0.OO.A600CA.01 (Royal Oak Offshore),Royal Oak Offshore,Excellent (90%),1
5231G-001 (World Time),,,1
RM11-03 Red Rubber Strap (Medium),,,1
278271VI Purple (Datejust 31),Datejust 31,Unworn (100%),1
PAM01248 Red (Luminor),Luminor Due 38,Good (80%),1
228235 Slate Ombre Roman (Daydate 40),Daydate 40,Unworn (100%),1
Vanguard V41 SC DT TT NR BR.5N,,,1
IW371605 (Portugieser Chronograph),Portugieser Chronograph,Mint/Like New (95%),1
Lindy 26 Nata Clem GHW,,,1
Dark Rum Eau De Parfum 50ml,,,1
228236 Blue (Day-Date 40),Day-Date 40,Unworn (100%),1
RM67-02 (carbon),,,1
22010412110001 (Seamaster Aqua Terra),Seamaster Aqua Terra 150M,Unworn (100%),1
4948G (Complications),Complications,Unworn (100%),1
WSSA0022 (Santos Dumont),Santos-Dumont,Good (80%),1
PAM01360 (Luminor BiTempo 44mm Automatic),,,1
5167R (Aquanaut),Aquanaut,Mint/Like New (95%),1
278271 Pink Index Jub (Datejust 31),Datejust 31,Unworn (100%),1
26470ST.OO.A801CR.01 (Brown Royal Oak Offshore Chronograph),,,1
PAM 01250 (Luminor Due),Luminor Due,Unworn (100%),1
511.CM.7170.LR (Classic Fusion Blue),,,1
336934 Green Jub (Sky Dweller),Sky Dweller,Unworn (100%),1
278383NG Jub (Datejust 31),,,1
21030422003002 (Seamaster Diver 300 M Blue),,,1
M79030B-0001 (Black Bay Fifty Eight),ROO 44,Excellent (90%),1
565.NX.7170.LR.1204 (Classic Fusion),,,1
79030B-0001 (Black Bay Fifty-Eight),,,1
278273G Green Floral Jub (Datejust 31),,,1
279384RBR White MOP Jub (Lady-Datejust),,,1
PAM00670 (Luminor Equation of Time),,,1
L37814066 (hydroconquest),hydroconquest,New Old Stock (99%),1
126529 Le Mans (Daytona),,,1
126622 (Yacht-Master 40),Yacht-Master 40,Good (80%),1
116509 Blue (Daytona),Daytona,Fair (70%),1
126710BLNR Jubilee (GMT Master II),GMT Master III,Unworn (100%),1
126660DB (Deepsea),Deepsea,Mint/Like New (95%),1
26405CE (RO Offshore Chronograph),,,1
M7941A1A0NU-0001 (Black Bay),,,1
126331 Choco Index Jubilee (Datejust 41),,,1
228236 Green (Day-Date 40),,,1
WAZ1110.FT8023 (Formula 1 Quartz Black),Formula 1 41,Unworn (100%),1
5167R-001 (Aquanaut),Aquanaut,Mint/Like New (95%),1
26420CE Black (ROO 43),,,1
Face Cream & Lotion,,,1
28600 (Royal),,,1
Eau De Perfume 2pcs Set,,,1
418.CX.1107.RX.MXM22 (Big Bang Unico Sang Bleu II Black Magic 45mm),Big Bang,Unworn (100%),1
L37814966 (hydroconquest),hydroconquest 41,Unworn (100%),1
116500LN White (Daytona),Daytona,,1
21092442001003 (Seamaster Diver 300 M),Seamaster Diver 300M,Mint/Like New (95%),1
,RO Offshore,Unworn (100%),1
22010412101001 (Seamaster Aqua Terra 150M 41 mm),,,1
CBN2A1AA.BA0643 (Carrera Chronograph),,,1
126600 (Sea-Dweller),Sea-Dweller,New Old Stock (99%),1
PAM01289 Blue (Submersible),,,1
W4BB0021 (Ballon Bleu),Ballon Bleu,Unworn (100%),1
26237ST.OO.1000ST.01 (Royal Oak Offshore),Royal Oak Offshore,New Old Stock (99%),1
Shading,,,1
Master Square 6002 M QZ BLR BLC P AC,,,1
The Gloria Concept,,,1
542.NX.7071.LR (Classic Fusion Titanium Auto 42mm),Classic Fusion,Unworn (100%),1
22010342010003 Pink (Seamaster Aqua Terra Shades),,,1
Service & Polish,Daytona,Fair (70%),1
5164R-001 Choco (Aquanaut),,,1
Alhambra Pendant,,Unworn (100%),1
RM35-03 Blue NTPT Carbon,RM35,Unworn (100%),1
SBGY013,,,1
336933 ( Sky-Dweller Champ),Sky-Dweller,Unworn (100%),1
542.NX.7170.LR (Classic Fusion Auto Titanium 42mm),,,1
M79950 (Ranger),,,1
26185Ti.GG.D002CA.01 (Royal Oak Offshore),ROO Chronopassion,Excellent (90%),1
276200 Pink (Oyster Perpetual),,,1
5968R Choco (Aquanaut),AAquanaut,Mint/Like New (95%),1
EX120.10.AD.AA.ABRUA (Heart of CR7),,,1
126300 Grey Roman Oys (Datejust 41),Datejust 41,Unworn (100%),1
5068R (Aquanaut),Aquanaut,Good (80%),1
SBGY011 (Grand Seiko Spring Drive),Spring Drive,Unworn (100%),1
26715ST ( Royal Oak Blue),Royal Oak,Unworn (100%),1
PAM00915,,,1
5205G (Annual Calendar),Annual Calendar,Unworn (100%),1
,Constellation Globemaster 41,Unworn (100%),1
W2PN0007 (PANTHERE),Panthere,Unworn (100%),1
IW371604 (Portugieser),,,1
WSSA0061 (Santos De Cartier),Santos,Unworn (100%),1
126334 Wimbledon Jubilee (Datejust 41),Datejust 41,Mint/Like New (95%),1
26400SO (RO Offshore),,,1
126234G Green Palm Jub (Datejust 36),Datejust 36,Good (80%),1
278274VI Pink Jubilee (Datejust 31),,,1
31060425010001 (Speedmaster Moonwatch Professional 42 mm),Speedmaster Moonwatch Professional 42 mm,Mint/Like New (95%),1
26530ST.OO.1220ST.01 (Royal Oak Tourbillon 41),,,1
Retinol Skin-Renewing Daily Micro-Dose Serum,,,1
L38904066 (Hydroconquest GMT Automatic),Hydroconquest GMT Automatic 43,Unworn (100%),1
PAM01579 (Submersible Luna Rossa),Submersible Luna Rossa,Unworn (100%),1
116515LNA Pink (Cosmograph Daytona),,,1
Vanguard V32 SC AT FO (AC.NR) Black Numbers,,,1
M79230N-0009 (Black Bay),Black Bay,,1
,Lange 1,Mint/Like New (95%),1
WSPN0013 (Panthère de Cartier),Panthère de Cartier,Unworn (100%),1
278271 Pink Roman Jub (Datejust 31),,,1
WBP231D.BA0626 (Aquaracer Professional 300 Date),Aquaracer Professional 300 Date,Unworn (100%),1
WSTA0081 (Tank Américaine),Tank Américaine,Unworn (100%),1
V 41 S AT FO REL AC NR,,,1
278383NG Jub (Datejust 31),Datejust 31,Unworn (100%),1
278273G Green Jub (Datejust 31),,,1
FM Strap,Vanguard,Unworn (100%),1
WSTA0110 (Tank Must),Tank Must,Unworn (100%),1
7118/1200R Gold (Nautilus),Ladies Nautilus,Unworn (100%),1
5072R (Aquanaut MOP),,,1
WGPN0038 (De Cartier Watch Panthère),,,1
126710BLNR Oyster (GMT Master II),GMT Master II,Unworn (100%),1
,Classic Fusion 42,Fair (70%),1
116681 (Yacht-Master II),,,1
154000R (ROYAL OAK SELFWINDING BLUE),,,1
CAZ101AV.FT8077 (Formula 1 43),Formula 1 43,Unworn (100%),1
126301G CHO Sundust Oys,,,1
116519LN (Daytona),,,1
The Perfect Protector SPF50+ PA++++,,,1
M113-BK - SEA-DWELLER 43mm - Tang Buckle Series,,,1
Code 11.59 Blue,code 11.59,Good (80%),1
4600E/000R-H101 (Fiftysix),Fiftysix,Unworn (100%),1
1205V/100A-B590 (Overseas),Overseas,Good (80%),1
278274 Grey Roman Jub (Datejust 31),Datejust 31,Unworn (100%),1
Birkin 25 Etoupe Togo GHW B,,,1
21092442001003 (Seamaster Diver 300 M),Seamaster Diver 300m,Unworn (100%),1
,Calatrava,Mint/Like New (95%),1
WBP5110.FT6257 (Aquaracer Professional 300 Date),Aquaracer Professional 300 Date,Unworn (100%),1
278271 Pink Index Jub (Datejust 31),,,1
Rubber B - PK33-MG - PATEK AQUANAUT 5164 TRAVEL TIME,,,1
WSBB0068 (Ballon Bleu),,,1
5230G (World Time),World Time,,1
PAM01348 Blue (Radiomir),Radiomir Otto Giorni,Unworn (100%),1
5320G (Perpetual Calendar Gold),,,1
642.NX.0170.RX (Spirit of Bigbang 42mm),,,1
126334 Azzurro Blue Roman Jub (Datejust 41),,,1
Pillow Talk Lip & Cheek Glow,,,1
RM67-02 (carbon),RM67,Unworn (100%),1
PAM01425 (Luminor Due Prada Re-Nylon),Luminor Due 38,Unworn (100%),1
5267/200A White (Aquanaut Ladies),,,1
542.NX.8970.RX (Classic Fusion),Classic Fusion,Unworn (100%),1
AB2010121B1A1 (Superocean Heritage B20 Automatic 42),Superocean Heritage B20 42,Unworn (100%),1
WBP2010.BA0632 (AQUARACER PROFESSIONAL 300 GMT),Aquaracer GMT 300,Unworn (100%),1
521.NX.1171.LR (Classic Fusion Chronograph),,,1
5711/1A Blue (Nautilus),,,1
124300 Tiffany Blue (Oyster Perpetual 41),,,1
116509 Blue (Daytona),Daytona,Unworn (100%),1
77350SR,Royal Oak,Unworn (100%),1
126506-002 (Cosmograph Daytona),,,1
126200 Blue Motif Jub (Datejust 36),,,1
PAM01348 Blue (Radiomir),,,1
21090422001001 (Seamaster Diver 300M),Seamaster Diver 300M,,1
26401RO (RO Offshore),ROO 44,Good (80%),1
V 45 SC DT Black Dragon AC Limited,Vanguard,Unworn (100%),1
77350SR,RO 34,Excellent (90%),1
126900 (Air King),Air King,Unworn (100%),1
128345RBR White MOP (Day-Date 36),Day-Date 36,Unworn (100%),1
Omega Glass,,,1
PAM01347 Brown (Radiomir),Radiomir Otto Giorni,Unworn (100%),1
126509G Black (Daytona),,,1
W2SA0016 (Santos Silver),,,1
278559-3001 (Happy Sport),,,1
5226G (Calatrava),Calatrava,Unworn (100%),1
116400GV (Milgauss),,,1
,Malte,Unworn (100%),1
15510ST.OO.1320ST.07 (Royal Oak),Royal Oak,Unworn (100%),1
126231 (Datejust 36 Grey),Datejust 36,Unworn (100%),1
103431 (Octo Finissimo),Octo Finissimo,Unworn (100%),1
116519G Black,,,1
336239 (Sky-Dweller),Sky-Dweller,Good (80%),1
581.NX.7071.RX,,,1
21032422003002 (Seamaster Diver 300M 42 mm),,,1
L34304626 (Conquest),Conquest,Unworn (100%),1
5712R (Nautilus),Nautilus,Good (80%),1
31030425001002 (Speedmaster Professional Moonwatch),,Unworn (100%),1
278273VI Green Jub (Datejust 31),,,1
50001110B52A (Bathyscaphe),,,1
278273G Champ Jub (Datejust 31),,,1
4947R Red (Complications),,,1
5970G-001 White (Perpetual Calendar Chronograph),,,1
UB2010121B1S1 (Superocean Heritage B20 Automatic 42),Superocean Heritage,New Old Stock (99%),1
PAM01180 (Luminor Due Luna),,,1
228239A Gray (Day-Date Meteorite),,,1
WSPN0019 (Panthère de Cartier),Panthère,Unworn (100%),1
,Spirit of Big Bang,Unworn (100%),1
126613LN (Submariner Date),,Unworn (100%),1
"22010432203002 (Seamaster Aqua Terra 150M 43 mm, steel on steel)",Seamaster Aqua Terra,Unworn (100%),1
126231VIIX Pink Jub (Datejust 36),,,1
279173NG (White Mop Jub Lady-Datejust),,Unworn (100%),1
CAR2A1Z.FT6044 (Carrera),Carrera,Good (80%),1
216570 Black (Explorer II),Explorer II,Good (80%),1
"Master Square 6002 M QZ R D 1R (AC) Medium, Quartz, Original Factory Diamonds 1 Row",Master Square 6002,Unworn (100%),1
79833MN-0004 (Black Bay GMT),Black Bay GMT,Unworn (100%),1
M79833MN-0001 (Black Bay GMT S&G),,,1
WBP201B.BA0632 (Aquaracer),,,1
279171XV11 Pink Jub (Lady-Datejust),,,1
PAM01360 (Luminor BiTempo 44mm Automatic),Luminor BiTempo 44,Unworn (100%),1
WGSA0030 (Santos de Cartier),Santos de Cartier,Unworn (100%),1
15550ST.OO.1356ST.06 (Royal Oak),Royal Oak,Unworn (100%),1
126713GRNR (GMT-Master II Black),GMT-Master II,Unworn (100%),1
32930435103001 (Speedmaster),Speedmaster,Unworn (100%),1
126618LN (Submariner Date Black),,,1
Cleansers,,,431
Finx Sticker,Finx Sticker,Unworn (100%),201
Translucent Loose Setting Powder,,,89
serum,,,81
Loose spowder,,,38
Lotion,,,26
Eye Care,,,22
126711CHNR (GMT Master II),,,18
Cream,,,17
FM Aftersetting Cost,,,15
WSTA0041 (Tank Must),Tank Must,Unworn (100%),12
31030425001002 (Speedmaster Professional Moonwatch),,,12
Vital Perfection Uplifintg and Firming Eye Cream,,,11
126234 Wimbledon Jubilee (Datejust 36),,,11
WSPN0006 (Panthère Silver),,,10
336934 Blue Jub (Sky-Dweller),,,8
Body,,,8
278271NG White Mop Jub (Datejust 31),,,7
126234 Wimbledon Jubilee (Datejust 36),Datejust 36,Unworn (100%),7
277200 Tiffany Blue ( Oyster Perpetual 31),Oyster Perpetual 31,Unworn (100%),7
21090422001001 (Seamaster Diver 300M),Seamaster Diver 300M,Unworn (100%),6
Hydro-softening lotion 30ml,,,6
Matte Beauty Blush Wand,,,6
WSTA0051 (Tank Must),Tank Must,Unworn (100%),6
Base & Primer,,,5
WSSA0039 (Santos),Santos,Unworn (100%),5
126000 Candy Pink (Oyster Perpetual 36),Oyster Perpetual 36,Unworn (100%),5
126600 (Sea-Dweller),,,5
PAM01313 (Luminor Marina),,,5
Hair,,,5
126500LN Black (Daytona),,,5
126711CHNR (GMT Master II),GMT-Master II,Unworn (100%),5
21030422003001 (Seamaster Diver 300 M),,,5
21032422010001(Seamaster Diver 300 M Green),,,4
126655 (Yacht-Master 40),,,4
PAM01372 (Luminor Quaranta),Luminor Quaranta 40,Unworn (100%),4
WSSA0039 (Santos),,,4
126000 Green (Oyster Perpetual 36),Oyster Perpetual 36,Unworn (100%),4
WSPN0007 (Panthere Silver),,,4
WSSA0030 (Santos),,,4
31032425002001 ( Speedmaster Snoppy White),Speedmaster Anniversary,Unworn (100%),4
124300 Blue Oys (Oyster Perpetual 41),,,4
126234 Blue Index Jubilee (Datejust 36),Datejust 36,Unworn (100%),4
7118/1200A (Nautilus),Nautilus,Unworn (100%),4
V 32 SC AT FO BLC NR AC (Vanguard),Vanguard,Unworn (100%),4
5267/200A Black (Aquanaut Ladies),,,3
WSSA0037 (Santos),,,3
7118/1200R Gold (Nautilus),,,3
5990/1A (Nautilus),,,3
126334 Green Index Oyster (Datejust 41),,,3
7010/1R Purple (Nautilus),,,3
ADVANCED NIGHT REPAIR CONCENTRATED RECOVERY POWERFOIL MASKS,,,3
WSSA0029 (Santos de Cartier),Santos,Unworn (100%),3
126234 Mint Green Jubilee (Datejust 36),Datejust 36,Unworn (100%),3
126234NG White (Datejust 36),,,3
279173NG (White Mop Jub Lady-Datejust),,,3
126233VIIX Olive Green Jub (Datejust 36),,,3
Exfoliating Toner,,,3
W2PN0007 (PANTHERE),,,3
W2SA0011 (Santos Dumont Silver),,,3
V 32 QZ AC.NR,,,3
WSPN0006 (Panthère Silver),Panthere,Unworn (100%),3
W2SA0012 (Santos-Dumont),Santos-Dumont,Unworn (100%),3
126000 Celebration (Oyster Perpetual 36),Oyster Perpetual 36,Unworn (100%),3
336235 (Sky-Dweller),,,3
V 32 SC AT FO AC.BLC,,,3
124273 Black Oys (Explorer),,,2
PAM01085 (Luminor Blu Mare 44mm),,,2
336934 Green Jub (Sky Dweller),,,2
5167A (Aquanaut),Aquanaut,Good (80%),2
268622 (Yacht-Master 37),Yacht-Master 37,Unworn (100%),2
126618LB Blue (Submariner Date),,,2
Patek Strap,,,2
278274 black Roman Jub (Datejust 31),Datejust 31,Unworn (100%),2
,RO 41,Unworn (100%),2
22010412101002 (Seamaster Aqua Terra 150M 41 mm),Seamaster Aqua Terra,Unworn (100%),2
WSSA0023 (Santos Dumont),Santos Dumont,Unworn (100%),2
126515LN Sundust (Cosmograph Daytona),Daytona,Unworn (100%),2
278275G Choco (Datejust 31),,,2
PAM01273 (Luminor Due Luna blue),Luminor Due 38,Unworn (100%),2
W2SA0011 (Santos Dumont Silver),Santos-Dumont,Unworn (100%),2
,,Unworn (100%),2
,Luminor Chrono Navy SEALs,Unworn (100%),2
L55124710 (Dolcevita),Dolcevita 23,Unworn (100%),2
77350SR,Royal Oak,Good (80%),2
WBP1110.BA0627 (Aquaracer),Aquaracer 40,Unworn (100%),2
279171NG Jub (Lady Datejust),Lady Datejust,Unworn (100%),2
4910/1200A (Twenty~4),Twenty~4,Unworn (100%),2
77450ST (Royal Oak),,,2
5212A (Calatrava),,,2
PAM 01312 (Luminor 44 Marina),Luminor Marina 44,Unworn (100%),2
CAZ1010.FT8024 (Formula 1 Quartz Black),Formula 1 43,Unworn (100%),2
WSSA0022 (Santos Dumont),Santos-Dumont,Unworn (100%),2
278383RBR White MOP Jub (Datejust 31),Datejust 31,Unworn (100%),2
Sculpt & Glow Duo	7g,,,2
126334G Grey Jub (Datejust 41),Datejust 41,Unworn (100%),2
WBP201A.BA0632 (Aquaracer 300M Black),,,2
5980/1R (Nautilus),Nautilus,Unworn (100%),2
15510ST.OO.1320ST.09 (Royal Oak Green),,,2
PAM02305 Black (Submersible),,,2
26420SO.OO.A600CA.01 (Royal Oak Offshore),,,2
SBR8A81.EB0251 (CONNECTED CALIBRE E4 GOLF EDITION),,,2
5164R (Aquanut),Aquanaut,Unworn (100%),2
V 32 SC AT FO AC.NR,Vanguard,Unworn (100%),2
5167A (Aquanaut),Aquanaut,Mint/Like New (95%),2
116610LV Submariner Date,,,2
228238 (Day-Date 40),,,2
124300 Tiffany Celebration,,,2
31032425001001 Black (Fabric Strap),,,2
V 32 SC AT FO AC.NR,,,2
126718GRNR (GMT-Master II),GMT-Master II,Good (80%),2
279171NG Jub (Lady Datejust),Lady Datejust 28,Unworn (100%),2
5269R (Aquanaut),Aquanaut,Unworn (100%),2
PAM 01084 (Luminor 44 Logo),,,2
126518LN (Daytona Black),Daytona,Excellent (90%),2
WBP2010.FT6198 (Aquaracer),,,2
278273G Champ Jub (Datejust 31),Datejust 31,Unworn (100%),2
126506A Platinum Ice Blue Baguette (Daytona),Daytona,Unworn (100%),2
126331 Choco Index Jubilee (Datejust 41),Datejust 41,Mint/Like New (95%),2
126231 (Datejust 36mm Silver Palm),,,2
RM35-03 White NTPT,,,2
L37814566 (hydroconquest),Hydroconquest,Unworn (100%),2
PAM01572 (Luminor Quaranta 40),Luminor Quaranta 40,Unworn (100%),1
Q114842J (Master Ultra Thin Perpetual Calendar),Master Ultra Thin Perpetual Calendar,Unworn (100%),1
Lip Tint,,,1
326938 Black (Sky-Dweller),Sky-Dweller,Excellent (90%),1
126715CHNR (GMT Master II),GMT-Master II,Unworn (100%),1
PAM01274 ( Luminor Due Blue ),Luminor Due Blue,Unworn (100%),1
Chanel Vanity,,,1
226658 (Yacht-Master 42 Black),,,1
5712G (Nautilus),Nautilus,Unworn (100%),1
Additional Cost,,,1
277200 Tiffany Blue ( Oyster Perpetual 31),Oyster Perpetual 36,Unworn (100%),1
V 45 SC DT BLC BLC AC,Vanguard,Unworn (100%),1
WSPN0007 (Panthere Silver),Panthere Silver,Unworn (100%),1
21232412004001 (Seamaster Diver 300M),,,1
15407ST.OO.1220ST.01 (RO Double Balance Wheel Openworked),,,1
PAM02068,,,1
116505 (Daytona Black),,,1
21030422001001 (Seamaster Diver 300m),Seamaster Diver,Unworn (100%),1
,Historiques American 1921,Unworn (100%),1
BR0393-BLU-ST/SCA (BR-03 GMT Blue),BR-03 GMT,Unworn (100%),1
RM07-01 TPT Gold,,,1
RM67-01 RG (Watch Automatic Winding Extra Flat),,,1
RM11-03 Red Rubber Strap (Medium),RM11,Good (80%),1
126505G Black (Daytona),,,1
L52004710 (Mini Dolcevita),Mini Dolcevita,Unworn (100%),1
278274VI Grey Jubilee (Datejust 31),,,1
Lindy 26 Etoupe Clemence GHW W,,,1
Bolide 25 Nata GHW,,,1
Picotin 18 Beton Clemence GHW B,,,1
116234 Black Jub (Datejust 36),,,1
PAM01353 (Luminor Quaranta Razer),Quaranta Razer 40,Unworn (100%),1
5905/1A (Annual Calendar Chronograph),,,1
,Panthere,Unworn (100%),1
X82310D51B1S2 (Endurance Pro 44),Endurance Pro 44,Unworn (100%),1
79360N-0019 (Black Bay Chrono Pink),Black Bay,Unworn (100%),1
21030422003001 (Seamaster Diver 300 M),Seamaster Diver 300M,Unworn (100%),1
Blush Color Infusion - #Ginger,,,1
21030422003001 (Seamaster Diver 300 M),,Unworn (100%),1
WSSA0046 (Santos-Dumont),Santos-Dumont,Unworn (100%),1
V32 SC AT FO COL DRM AC NR,,,1
278274G Pink Jub (Datejust 31),Datejust 31,Unworn (100%),1
226627 (Titanium Yacht-Master),Yacht-Master 42,Unworn (100%),1
WAZ1010.BA0842 (Formula 1 Date 43),Formula 1 Date 43,Unworn (100%),1
67651ST (Royal Oak Lady),,,1
5524G (Complications),Complications,Good (80%),1
116588TBR (Daytona),,,1
5172G (Complications),,,1
PAM00359 (Luminor Marina Black),Luminor Marina 1950 44mm,Good (80%),1
PAM01287 (Submersible QuarantaQuattro Verde Smeraldo),Submersible QuarantaQuattro 44,Unworn (100%),1
4000V/210A-B911 (Overseas moon phase retrograde date - 41 mm),Overseas Moonphase,Unworn (100%),1
128239 (Day-Date 36),,,1
451.NX.1170.NX (Big Bang Integral Titanium 42 mm),,,1
124300 Green (Oyster Perpetual 41),Oyster Perpetual 41,Unworn (100%),1
Jo Malone Cologne Collection,,,1
CAZ1010.BA0842 (Formula 1 Quartz Black),,,1
5711/1A White (Nautilus),Nautilus,Good (80%),1
5930G (World Time Chronograph),Complications,Good (80%),1
REPLICA collection - Exclusive Autumn Set 7ml,,,1
31032425001001 (Speedmaster Professional Moonwatch),,Unworn (100%),1
RM72-01 White Ceramic,RM72-01,Unworn (100%),1
PAM01312,Luminor Marina 44,Unworn (100%),1
PAM 01086 (Luminor Base Logo),Luminor,Unworn (100%),1
116713LN (GMT-Master II Black),GMT-Master II,,1
126333 Black Index Jubilee (Datejust 41),Datejust 41,Excellent (90%),1
Rolex Link,,,1
Pore-Refining Mattifying Veil,,,1
L52554716 (Dolcevita),Dolcevita 21,Unworn (100%),1
7118/1A (Nautilus),Nautilus,Fair (70%),1
M7941A1A0RU-0003 (Black Bay),Black Bay,Unworn (100%),1
W2SA0009 (Santos de Cartier),,,1
,Navitimer Automatic 41,Mint/Like New (95%),1
278275G Pink (Datejust 31),Datejust 31,Unworn (100%),1
Under The Lemon Trees Eau De Toilette 30ml,,,1
126506-002 (Cosmograph Daytona),Daytona,Unworn (100%),1
PAM02973 Black (Submersible),,,1
16202ST (Royal Oak),,,1
PAM 01321 (Luminor Marina),,,1
565.NX.1171.LR (Classic Fusion Titanium Auto 38mm),,,1
15710ST (ROYAL OAK OFFSHORE DIVER),,,1
L52554716 (Dolcevita),Mini Dolcevita 21,Unworn (100%),1
V 32 QZ AC.NR BLC NR AC,,Unworn (100%),1
PAM00090 (Luminor Power Reserve Black),,,1
PAM01026 (Radiomir Quaranta Goldtech),,,1
418.NX.1107.RX.MXM19 (Big Bang Sang Bleu II Titanium),Big Bang,Excellent (90%),1
126331 Choco Diamond Jub (Datejust 41),,Unworn (100%),1
5267/200A Green (Aquanaut Ladies),Aquanaut Ladies,Unworn (100%),1
126334 White Roman Dial (Datejust 41),,Unworn (100%),1
Delugs - Rubber CTS Strap,CTS Strap,Unworn (100%),1
15510ST.OO.1320ST.09 (Royal Oak Green),RO 41,Unworn (100%),1
5212A (Calatrava),Calatrava,New Old Stock (99%),1
Alhambra Bracelet,Alhambra,Unworn (100%),1
31032425002001 ( Speedmaster Snoppy White),Speedmaster,Unworn (100%),1
RM65-01 Grey (Chronograph),,,1
RM72-01 White Ceramic,,,1
26420SO.OO.A002CA.01 (Royal Oak Offshore),ROO 43,Unworn (100%),1
IW389101 (Pilot's Watch Chronograph TOP GUN),Pilot's Watch Chronograph TOP GUN,Unworn (100%),1
79360N-0001 (Black Bay Chrono),Black Bay Chrono,Unworn (100%),1
126710BLNR Jubilee (GMT Master II),GMT-Master II,Fair (70%),1
PAM 01306 (Luminor Due Luna Rossa),,,1
21030422001001 (Seamaster Diver 300m),Seamaster Diver 300m,Unworn (100%),1
26331ST Black,RO 41,Mint/Like New (95%),1
128239 (Day-Date 36),Day-Date 36,Unworn (100%),1
279173 Silver Jub (Lady Datejust 28),,,1
116500LN Black (Daytona),Daytona,Mint/Like New (95%),1
SLGA017 (Evolution 9 Collection),,,1
67651SR (Royal Oak Lady),Royal Oak Lady,Unworn (100%),1
5167R-001 (Aquanaut),,Excellent (90%),1
226570 Black (Explorer II),Explore II,Mint/Like New (95%),1
279174 Pink Roman Jub,,,1
268622 (Yacht-Master 37),,,1
L5.512.4.71.5 (Dolcevita),Dolcevita,Unworn (100%),1
126283 Champ Fluted Jub (Datejust 36),,,1
PAM01404 (Luminor BiTempo 40),Luminor BiTempo 40,Unworn (100%),1
178274G Blue Jub (Datejust 31),,,1
,Pilot Splitfire Chronograph,Excellent (90%),1
M79830RB-0010 (Black Bay GMT),,,1
WBP5114.BA0013 (Aquaracer GMT 300),Aquaracer GMT 300,Unworn (100%),1
Aurelia 100% Cotton Beige,,,1
126720VTNR (GMT-Master II Black),GMT-Master II,Unworn (100%),1
15510OR.OO.1320OR.03 (Royal Oak),Royal Oak,Unworn (100%),1
42410332055002 (De Ville Prestige),,,1
278273 White MOP Jub (Datejust 31),,,1
21530442101002 (Seamaster Planet Ocean Black),,,1
5524R-001 (Calatrava Pilot Travel Time),Calatrava,Unworn (100%),1
277200 Candy Pink (Oyster Perpetual 31),,,1
WA121F.BA0023 Formula 1,,,1
26238TI.OO.A056CA.01 (Green),ROO 42,Mint/Like New (95%),1
279171G Green Jub (Lady Datejust),,,1
PAM02305 Black (Submersible),Submersible 47,Unworn (100%),1
5905P (Annual Calendar Chronograph),,,1
,Dolcevita,Unworn (100%),1
V 32 SC AT FO AC.NR (NR.BLC AC),Vanguard,Unworn (100%),1
21030422004001 (Sea Master Diver 300m),Sea Master Diver 300m,Unworn (100%),1
03.2040.061 (El Primero Chronomaster),El Primero Chronomaster,Excellent (90%),1
5811/1G-001,,,1
Geta 18 Sylvestre Chevre PHW B,,,1
7130R (World Time Green),,,1
77451BC.ZZ.1261BC.01 (Swiss Royal Oak Chronograph),Swiss Royal Oak Chronograph,Unworn (100%),1
RM72-01 Black,RM72-01,Unworn (100%),1
WBN2411.BA0621 (Carrera),Carrera,Unworn (100%),1
126613LN (Submariner Date),Submariner,Unworn (100%),1
77451ST.ZZ.1361ST.03,,,1
PAM02979 (Submersible Marina Militare Carbotech),,,1
22012412101001 (Seamaster Aqua Terra),Seamaster Aqua Terra 150M,Unworn (100%),1
RM07-01 Medium Set (Jesper),,,1
,Automatic Flyback Chronograph,Excellent (90%),1
1-90-02-42-32-61 (PanoMaticLunar),PanoMaticLunar,Unworn (100%),1
126613LB (Submariner Date),Submariner,Mint/Like New (95%),1
PAM01378 (Luminor Due Luna Rossa),Luminor Due Luna Rossa 38,Unworn (100%),1
126000 Black (Oyster Perpetual 36),,,1
PAM02661 (Luminor Marina Carbotech),Luminor Marina Carbotech,Unworn (100%),1
126603 (Sea-Dweller),Sea-Dweller,Unworn (100%),1
RM65-01 NTPT Carbon Chronograph,RM65,Unworn (100%),1
Galata - Togo Black - Size: 1,Galata,Unworn (100%),1
M79363N-0007 (Black Bay Chrono S&G),Black Bay,Mint/Like New (95%),1
WAZ2011.BA0842 (Formula 1 Calibre 5 Grey),,,1
AP STRAP,,Unworn (100%),1
WSTA0041 (Tank Must),Santos,Good (80%),1
,Caliber 9SA4,Unworn (100%),1
128235 Eisenkiesel (Day-Date 36),Day-Date 36,Excellent (90%),1
CAZ101K.BA0842 (Formula 1),,,1
542.NX.7170.LR (Classic Fusion Auto Titanium 42mm),Classic Fusion,Unworn (100%),1
21032422003001 (Sea Master Diver 300m),Seamaster Diver,Unworn (100%),1
5960P (Annual Calendar Chronograph),,,1
Artos - Master Edition Parchment Patina Java Brown,Artos,Unworn (100%),1
102098SP35BSPGD.1T (Serpenti Tubogas),Serpenti Tubogas,Unworn (100%),1
PAM01356 (Luminor Chrono),Luminor Marina 44,Excellent (90%),1
15407ST (Royal Oak),Royal Oak,Unworn (100%),1
542.NX.1171.LR (Classic Fusion Titanium Auto 42mm),,,1
126622 (Yacht-Master 40),Yacht-Master 40,Mint/Like New (95%),1
15510OR.OO.D002CR.02 (Royal Oak),,,1
565.NX.1470.LR.1204 (Classic Fusion Titanium Diamonds),Classic Fusion,Unworn (100%),1
V 41 SC DT Koi AC,,,1
WSPN0015 (Panthère de Cartier),Panthere,Unworn (100%),1
PAM01084 (Luminor),Luminor,Unworn (100%),1
124300 Green (Oyster Perpetual 41),Oyster Perpetual 41,Good (80%),1
RADIANT CUSHION FOUNDATION NATURAL,,,1
279173NG (White Mop Jub Lady-Datejust),Lady Datejust 28,Unworn (100%),1
5711/1A Blue (Nautilus),Nautilus,Poor (50%),1
336934 Black Oys (Sky-Dweller),Sky-Dweller,Unworn (100%),1
V32 SC AT FO COL DRM AC BC,,,1
278273VI Silver Jub (Datejust 31),Datejust 31,Unworn (100%),1
15510ST.OO.1320ST.03 (Royal Oak),Royal Oak,Mint/Like New (95%),1
RM07-01 NTPT Cuban,RM07,Unworn (100%),1
5968G ( Aquanaut Blue),Aquanaut,New Old Stock (99%),1
126234 Blue Fluted Jubilee (Datejust 36),Datejust 36,Unworn (100%),1
SBGK017 (Grand Seiko Elegance),Grand Seiko Elegance,Unworn (100%),1
Rubber B Strap,,Unworn (100%),1
M79830RB-0001 (Black Bay GMT watch),Black Bay GMT,Unworn (100%),1
116506 (Daytona Platinum),,,1
26231OR (RO Offshore),,,1
RM07-01 ( Rose Gold),Complications,Good (80%),1
22012412101001 (Seamaster Aqua Terra),,,1
4500V/110A-B483 (Overseas),,,1
L3.781.4.76.6 (Hydroconquest),Hydroconquest,Unworn (100%),1
31030425004001 (Speedmaster Moonwatch Professional 42 mm),Speedmaster Moonwatch Professional 42mm,Unworn (100%),1
,Vanguard,Unworn (100%),1
26331ST Blue (RO),RO 41,Good (80%),1
Pillow Mist,,,1
03.9300.3620/79.1001 (DefySkyline Skeleton),,,1
Birkin 25 Epsom Gold PHW,,,1
Rubber B - PK33-WT - PATEK AQUANAUT 5164 TRAVEL TIME,,,1
26420CE Black (ROO 43),Royal Oak Offshore,Unworn (100%),1
116515LN Sundust (Daytona),Daytona,Excellent (90%),1
15510ST Black (Royal Oak),,,1
21030422010001 (Seamaster Diver 300M),Seamaster Co-Axial 300M,Unworn (100%),1
279384RBR White MOP Jub (Lady-Datejust),Lady Datejust 28,Unworn (100%),1
3002 M QZ R Full Aftersetting,,,1
23492412110001 (Seamaster),,,1
23430412101001 (Seamaster),Seamaster,Unworn (100%),1
79230G (Black Bay Harrods),,,1
Magic Water Cream,,,1
5980R (Nautilus),Nautilus,Excellent (90%),1
CAK211A.BA0833,,,1
4910/1200A (Blue),,,1
WSBB0048 (Ballon Bleu),,,1
31030425001001 (Speedmaster Moonwatch),,,1
278274 black Roman Jub (Datejust 31),,,1
V 41 SC DT GF GR NR FR2 CB (vanguard fr2 fxxking rabbits white),,,1
278381RBR MOP Jub (Datejust 31),Datejust 31,Unworn (100%),1
26715ST (ROYAL OAK CHRONOGRAPH GREY),,,1
5980/1A (Nautilus),,,1
116509 Meteorite (Daytona),Daytona,Unworn (100%),1
15510ST.OO.1320ST.08 (White),,,1
126234G Green Palm Jub (Datejust 36),,,1
5168G Blue (Aquanaut),Aquanaut,Good (80%),1
565.NX.1470.LR.1204 (Classic Fusion Titanium Diamonds),Classic Fusion 38,Unworn (100%),1
CASSANDRA 05 FLAT SANDAL Beige,,,1
WSTA0052 (Tank Silver),,,1
Skeleton Concept Carmine Concept,,,1
5205G (Annual Calendar),Annual Calendar,Fair (70%),1
21032422001002 (Sea Master Diver 300m),,,1
,Chrono Aluminium,Unworn (100%),1
RM030 Rose Gold,,,1
Double Serum 0.9ml,,,1178
Service & Polish,,,384
Beauty,,,179
Moisturizers,,,89
,,,77
Blush,,,36
Foundation,,,25
Toner,,,21
Sunscreen,,,18
126710BLNR Oyster (GMT Master II),,,16
Concealer,,,14
Loose Powder,,,12
126710BLRO Oyster (GMT Master II),,,12
124060 (Submariner),Submariner,Unworn (100%),11
Lipstick,,,11
226659 (Yacht-Master 42),,,9
126713GRNR (GMT-Master II Black),,,8
PP STRAP,,,7
5726A (Nautilus),Nautilus,Unworn (100%),7
126710GRNR Jub (GMT-Master II),GMT-Master II,Unworn (100%),7
WSPN0006 (Panthère Silver),Panthere Silver,Unworn (100%),7
126519LN Black (Daytona),Daytona,Unworn (100%),6
126710GRNR Jub (GMT-Master II),GMT Master II,Unworn (100%),6
21030422010001 (Seamaster Diver 300M),,,6
226570 Black (Explorer II),,,6
21030422004001 (Sea Master Diver 300m),,,5
126234G Blue (Datejust 36 Diamond),Datejust 36,Unworn (100%),5
Highlighter,,,5
PAM01371 (Luminor Quaranta),,,5
126710GRNR Oys (GMT-Master II),GMT Master II,Unworn (100%),5
126334G Blue Jubilee (Datejust 41),,,5
21032422003001 (Sea Master Diver 300m),,,5
126234G Blue (Datejust 36 Diamond),,,5
278274 Blue Floral Jub,,,4
226570 Black (Explorer II),Explorer II,Unworn (100%),4
126613LB (Submariner Date),,,4
126334 Blue Index Jubilee (Datejust 41),,,4
224270 (Explorer Black),,,4
336239 (Sky-Dweller Black),,,4
31032425001002 (Speedmaster Professional Moonwatch),Speedmaster Moonwatch,Unworn (100%),4
126334 Blue Index Jubilee (Datejust 41),Datejust 41,Unworn (100%),4
5267/200A Black (Aquanaut Ladies),Aquanaut,Unworn (100%),4
278274 Green Index Jubilee (Datejust 31),Datejust 31,Unworn (100%),4
126234 Blue Fluted Jubilee (Datejust 36),,,4
126519LN Black (Daytona),,,4
22012432203001 (Seamaster Aqua Terra 150M),,,4
126518LN (Daytona Black),,,3
126610LN (Submariner Date 41),Submariner Date,Unworn (100%),3
126610LN (Submariner Date 41),Submariner Date 41,Unworn (100%),3
5167R-001 (Aquanaut),,,3
Renergie H.P.N. Ultra Cream,,,3
278274NG White MOP Jub (Datejust 31),Datejust 31,Unworn (100%),3
126234 Mint Green Jubilee (Datejust 36),,,3
124200 Pink (Oyster Perpetual 34),Oyster Perpetual 34,Unworn (100%),3
WSSA0022 (Santos Dumont),Santos Dumont,Unworn (100%),3
21032422003001 (Sea Master Diver 300m),Seamaster Co-Axial 300M,Unworn (100%),3
WSSA0029 (Santos de Cartier),,,3
PAM01247 (Luminor Due),,,3
15510ST.OO.1320ST.07 (Royal Oak),,,3
WSSA0023 (Santos Dumont),Santos-Dumont,Unworn (100%),3
126715CHNR (GMT Master II),,,3
V 32 SC AT FO COL AC.BC,,,3
Fleur de Peau eau de parfum,,,3
WSTA0040 (Tank Must XL),,,3
PAM 01086 (Luminor Base Logo),,,3
278271G Pink (Datejust 31),,,3
126000 Candy Pink (Oyster Perpetual 36),,,3
PAM01361 (Luminor 1950 Blue),,,2
CBS2210.FC6534 (Carrera),Carrera,Unworn (100%),2
WSTA0052 (Tank Silver),Tank Silver,Unworn (100%),2
W2SA0012 (Santos-Dumont),Santos-Dumont,Excellent (90%),2
Brow Gel,,,2
126000 Green (Oyster Perpetual 36),,,2
22010412103004 (Seamaster Aqua Terra),Seamaster Aqua Terra 150M,Unworn (100%),2
26615TI Salmon (RO),,,2
V 32 QZ AC.NR NR NR AC,,,2
L55124715 (Dolcevita),Dolcevita 23,Unworn (100%),2
Vanguard V45 SC DT Red Dragon AC Limited,,,2
5905/1A (Annual Calendar Chronograph),Annual Calendar Complications,Unworn (100%),2
126613LB (Submariner Date),Submariner Date,Unworn (100%),2
RM STRAP,,,2
136660 (Seadweller),Sea-Dweller,Unworn (100%),2
128235A (Day-Date 36),,,2
126720VTNR Oys (Black),GMT Master II,Unworn (100%),2
126334 Green Jub (Datejust 41),,,2
L55124710 (Dolcevita),Dolcevita,Unworn (100%),2
52230422004001 (Seamaster Diver 300M Tokyo 2020),,,2
26331ST Blue (RO),,,2
116503 Black (Daytona),,,2
26315ST White (RO),,,2
5164A (Aquanut),,,2
278274 White Jub (Datejust 31),,,2
326935 Sky-Dweller Choco,,,2
278273VI Grey Jub (Datejust 31),,,2
126231VI Pink Jub,,,2
31032425001001 (Speedmaster Professional Moonwatch),Speedmaster Moonwatch,Unworn (100%),2
21092442001003 (Seamaster Diver 300 M),,,2
Vanguard V 45 SC DT YACHT AC BO,,,2
Vanguard V32 QZ COL DRM AC BC BLC COL DRM,,,2
STRAP Gunny,,,2
Protective Fortifying Emulsion N Spf25 PA+++,,,2
26240OR (Royal Oak Chronograph Blue),,,2
116610LN (Submariner Date),,,2
116500LN White (Daytona),Daytona,Unworn (100%),2
116515LN Daytona Black,,,2
5821/1AR (Cubitus),Cubitus,Unworn (100%),2
126234G (Datejust 36 Blue Fluted),,,2
278273 (Datejust 31mm Green Floral Motif Jub),,,2
126234VIIX Pink Jub (Datejust 36),,,2
WAZ2011.BA0842 (Formula 1 Calibre 5 Grey),Formula 1 Calibre 5,Unworn (100%),2
001 Man Eau De Toilette 75ml,,,2
M25407N-0001 (Pelagos 39),,,2
116518 YML (Daytona),,,2
116519LNG (Daytona Black),,,2
B.ZERO1 RING 347044,,,2
278271VI Choco Jub (Datejust 31),,,2
Cica Sleeping Mask AD,,,2
,Datejust 41,Unworn (100%),2
336934 Green Oys (Sky-Dweller),Sky-Dweller,Unworn (100%),2
V 45 SC DT Red Dragon AC Limited,,,2
126334 Silver Jub,,,2
126300 Wimbledon Jub (Datejust 41),,,2
Avanti,,,2
116508 Paul Newman (Daytona),,,1
"Master Square 6002 M QZ D 1R COL DRM (AC) Medium, Quartz, Color of Dreams",,,1
441.NL.5171.RX (Big Bang Unico),,,1
26400IO.OO.A004CA.02 (ROO Chronograph),ROO Chronograph,Mint/Like New (95%),1
M79470-0001 (Black Bay Pro),,,1
116660 (Sea-Dweller Deepsea),Sea-Dweller Deepsea,Mint/Like New (95%),1
228235 Green (Daydate),Daydate,Unworn (100%),1
5067A-011 (Aquanaut),Aquanaut,Good (80%),1
Mini Lindy Gold Clem GHW B,,,1
WA121J.BT0012 (Formula 1 | KITH - Steel - 35 mm),,,1
126300 Green Index Jub (Datejust 41),Datejust 41,Unworn (100%),1
"22010382001004 (Seamaster Aqua Terra 150M 38 mm, steel on steel)",Seamaster Aqua Terra,Unworn (100%),1
278273G Champ Jub (Datejust 31),,Unworn (100%),1
M7941A1A0NU-0003 (Black Bay),Black Bay,Unworn (100%),1
126515G Black (Cosmograph Daytona),,,1
43413412002001 (White),,,1
278274G Rhodium Jub (Datejust 31),,Unworn (100%),1
116244 Pink Floral Oys (Datejust 36),,,1
126281NG Jub (Datejust 36),,,1
31032425001002 (Speedmaster Professional Moonwatch),,,1
336239 (Sky-Dweller),Sky-Dweller,Unworn (100%),1
Studio Fix Conceal And Correct Palette #Light 6g,,,1
279174 White Mop Jub (Lady-Datejust 28),,,1
15450OR Grey (Royal Oak),,,1
G0A43080 (Possession),Possession,Unworn (100%),1
126334 Mint Green Jubilee (Datejust 41),Datejust 41,Unworn (100%),1
Aras - Togo Dark Grey,Aras,Unworn (100%),1
116900 (Air King Black),,,1
5990/1R (Nautilus),,,1
In The Loop 18 Sakura Clemence PHW B,,,1
CAW211P.FC6356 (Monaco Chronograph - Steel - 39 mm),Monaco Chronograph 39,Good (80%),1
Service & Polish,Aquanaut,,1
Garden Party 36 Bleu Zanzibar Leather Y,,,1
67650SR.OO.1261SR.01 (Royal Oak),,Good (80%),1
L55124716 (Dolcevita),Dolcevita,Unworn (100%),1
279174 Silver Roman Jub,,Unworn (100%),1
M200SK/BC-NV-M - OYSTERFLEX MODELS - SWIMSKIN® BALLISTIC,,,1
43513402103001 (De Ville Trésor 40 mm),De Ville Tresor 40,Unworn (100%),1
5167R-001 (Aquanaut),Aquanaut,Fair (70%),1
21092422001001 (Seamaster Diver 300M) Nato strap James Bond Edition,,,1
126334 Wimbledon Jubilee (Datejust 41),Datejust 41,Excellent (90%),1
WBP5111.FT6259 (Aquaracer 42),Aquaracer 42,Unworn (100%),1
228235A,,,1
The Regenerating Serum,,,1
5230P (Complications),Complications,Unworn (100%),1
116509 Blue (Daytona),,,1
116334 Silver (Datejust II Index Oys),,,1
511.NX.7071.RX (Classic Fusion),Classic Fusion,Unworn (100%),1
30430445201001 (Speedmaster Moonphase 44.25 mm),Speedmaster Moonphase,Unworn (100%),1
116610LN (Submariner Date),Submariner Date,Good (80%),1
,Datejust 41,Fair (70%),1
PAM00754 Radiomir Black,,,1
565.NX.8970.RX.1204 (Classic Fusion),,,1
278273 White MOP Jub (Datejust 31),Datejust 31,Unworn (100%),1
V 41 SC DT YACHTING BL AC,Vanguard,Unworn (100%),1
126333 (Datejust 41 Wimbledon),Datejust 41,Unworn (100%),1
SGA443 (Spring Drive),Spring Drive,,1
126710BLRO Oyster (GMT Master II),GMT Master II,Unworn (100%),1
23430412101001 (Seamaster),,,1
Birkin 25 Togo Cassis GHW,,,1
Round DM39 COL DRM D2CD 5N,,,1
CBP1113.BA0627 (Aquaracer 40),Aquaracer 40,Unworn (100%),1
13163412103001 (Constellation 41)mm,,,1
26420SO Brown (ROO),ROO 43,Mint/Like New (95%),1
The Renewal Oil,,,1
124300 (Celebration Motif Blue),Oyster Perpetual 41,Unworn (100%),1
101814SPP35BGDG.27 (Serpenti Tubogas Pink Gold Quartz 35 mm),,,1
WBP201B.FT6198 (Aquaracer 300M Blue),,,1
RM07-01 Red Gold,RM07,,1
5205G (Annual Calendar),,,1
,Eclipse Concept,Unworn (100%),1
U7787BB299V6 (Classique),Classique,Unworn (100%),1
PAM01384 Radiomir Officine,Radiomir Officine 45,Unworn (100%),1
PAM01084 (Luminor),,Unworn (100%),1
226627 (Titanium Yacht-Master),,Unworn (100%),1
L38304026 (Conquest),Conquest 41,Unworn (100%),1
5930G (World Time Chronograph),Complications,New Old Stock (99%),1
5167/1A (Aquanaut),Aquanaut,Good (80%),1
WSTA0091 (Tank must SolarBeat),Tank Must,Unworn (100%),1
126200 Black Oys (Datejust 36),Datejust 36,Unworn (100%),1
Skeleton Concept Carbone Concept,,,1
SEA-DWELLER 43mm - Tang Buckle Series (Black),,,1
Mini Lindy Royal Blue Clemence GHW B,,,1
22010412103004 (Seamaster Aqua Terra),Sea Master Aquaterra,Unworn (100%),1
126233 White Roman Jub (Datejust 36),,,1
326934 Blue Jub (Sky-Dweller),,,1
Calendula Serum-Infused Water Cream,,,1
5261R (Aquanaut),Aquanaut,Unworn (100%),1
OCTO FINISSIMO WATCH 103431,FINISSIMO,Unworn (100%),1
178274 Silver Jub (Datejust 31),,,1
22010432203001 (Seamaster Aqua Terra 150M),,,1
126334 Mint Green Jubilee (Datejust 41),,,1
RM07-01 Black Cramic,,,1
179158G Champ (Lady-Datejust),,,1
278274 Pink Index Jub (Datejust 31),,,1
PAM00164 (Luminor Marina Automatic),,,1
PAM01287 (Submersible QuarantaQuattro Verde Smeraldo),Submersible,Good (80%),1
H6951 (Première Édition Originale Watch),Première Édition Originale Watch,Unworn (100%),1
278271 Silver Floral Motif Jub (Datejust 31),Datejust 31,Mint/Like New (95%),1
,Santos-Dumont,Unworn (100%),1
WSTA0072 (Tank Must),,,1
126720 Jubilee (GMT-Master II),,,1
581.NX.1470.RX.1104 (Classic Fusion Titanium Diamonds 33 mm),Classic Fusion 33,Unworn (100%),1
21032422001001 Black (Sea Master Diver 300m),Seamaster Diver 300m,Unworn (100%),1
15550ST.OO.1356ST.06 (Royal Oak),,,1
102098SP35BSPGD.1T (Serpenti Tubogas),,,1
22010432203001 (Seamaster Aqua Terra 150M),Seamaster Aqua Terra 150M,Unworn (100%),1
26420OI.OO.A015VE.01 (Royal Oak Offshore),ROO,Unworn (100%),1
6102R (Celestial),,,1
542.NX.7071.LR (Classic Fusion Titanium Auto 42mm),,,1
79030N-0025 (Black Bay 58),Black Bay 58,Unworn (100%),1
5740/1G (Nautilus),,,1
228236A Ice Blue (Day-Date 40),,,1
5712/1A (Nautilus Moon Phase),Nautilus,Unworn (100%),1
1752 QZ O (Cintrée Curvex),Cintrée Curvex,Good (80%),1
22010412103005 (Summer Blue Seamaster Aqua Terra),,,1
6119G (Calatrava),Calatrava,Excellent (90%),1
126503G Black (Daytona),Daytona,Unworn (100%),1
WSSA0062  (Santos Green),,,1
RM005 AE White Gold,,,1
Mascara,,,1
5968G ( Aquanaut Blue),,,1
WSSA0018 (Santos),Santos,Mint/Like New (95%),1
565.NX.1470.LR,,,1
RM07-01 Black Cramic,RM07-01,Unworn (100%),1
V 41 SC DT AC.BC,,,1
CBK2122.FC6292 (Carrera Automatic),Carrera,Unworn (100%),1
31030425004001 (Speedmaster Moonwatch Professional 42 mm),,,1
5172G (Complications),Nautilus,Mint/Like New (95%),1
126505-0003 Sundust (Daytona),,,1
4000E/000A-B548 (Fiftysix),Fiftysix,Unworn (100%),1
126331 Wimbledon Jubilee (Datejust 41),,,1
21032422001001 Black (Sea Master Diver 300m),Seamaster Diver 300M,Unworn (100%),1
278271VI Grey Jub (Datejust 31),,,1
WSTA0089 (Tank Must),Tank Must,Unworn (100%),1
PAM01571 (Luminor Quaranta 40),Luminor Quaranta 40,Unworn (100%),1
PAM 01273 ( Luminor Due Blue ),,,1
CAZ1010.FT8024 (Formula 1 Quartz Black),,,1
Birkin 25 Gold Togo PHW,,,1
224270 (Explorer Black),Explorer 40,Unworn (100%),1
L37814566 (hydroconquest),hydroconquest 41,Unworn (100%),1
Birkin 25 Vanille Matte Mushroom Togo PHW B,,,1
Service & Polish,World Time,Fair (70%),1
M7941A1A0RU-0003 (Black Bay),Black Bay,Mint/Like New (95%),1
PAM01274 ( Luminor Due Blue ),Luminor Due,Unworn (100%),1
CBS2213.FN6002(CARRERA SKIPPER),Carrera Skipper,Unworn (100%),1
"13110256052001 (Constellation 25 mm, steel on steel)",Constellation,New Old Stock (99%),1
PAM01384 Radiomir Officine,,,1
278240 Mint Green Index Oyster (Datejust 31),,,1
126519LN (Daytona Grey),,,1
Nature,,,1
228239 Green (Day Date 40),Day-Date 40,Unworn (100%),1
Diffuser,,,1
Master Square 6002 M QZ BL R AC,,,1
126238 Champagne Index (Day-Date 36),,,1
278274 Green Jub,,,1
15202OR (Royal Oak),,,1
31192445101005 (Speedmaster Dark Side of the Moon Black Black),,,1
RM030 Titanium,,,1
126200 Blue Oyster (Datejust 36),Datejust 36,Unworn (100%),1
RM07-04 Orange,RM07,Unworn (100%),1
B01 42 UB0134101C1U1 (Chronomat),,,1
7011/1R-010 (Nautilus),,,1
Corrector,,,1
126200 Wimbledon Oys  (Datejust 36),,,1
Kelly 25 Padded Etoupe PHW,,,1
278271 Silver Floral Jub,,,1
Rubber B - APC42/AG-BK- AP ROYAL OAK 42mm OFFSHORE,,,1
CBM2112. BA0651 (Carrera Chronograph),Carrera,Good (80%),1
Service & Polish,Royal Oak,Good (80%),1
6654-1127-MMB (Quantième Complet),Quantième Complet,Unworn (100%),1
JLC Reverso Tribute Small Q397846J,Reverso Tribute Small Seconds,Unworn (100%),1
,Aquaracer Professional 300,Unworn (100%),1
W2SA0012 (Santos-Dumont),Santos Dumont,Unworn (100%),1
WSSA0039 (Santos),Santos,Mint/Like New (95%),1
WSBB0067 (Ballon Bleu de Cartier),Ballon Bleu de Cartier,Unworn (100%),1
126231 Choco (Oys),,,1
126710GRNR Oys (GMT-Master II),GMT-Master II,Unworn (100%),1
RM67-02 Sebastian Ogier,RM67,Unworn (100%),1
26408OR (Royal Oak Offshore Chronograph Summer Edition),,,1
PAM 01342 (Luminor Luna Rossa),,,1
WGTA0067 (Tank Louis),,,1
4947G (Annual Calendar Complication),,,1
126331G Choco (Jub),,,1
7010/1R-011 White (Nautilus),,,1
326235 Choco (Sky-Dweller),,,1
Black Rubber Strap for 5968,,,1
126283RBR NG White Mop Jubilee (Datejust 36),,,1
SBGA413G (Heritage),Heritage,Mint/Like New (95%),1
BR05 Sincere Green,,,1
268655 Pave Diamonds (Yach Master 37),Yacht-Master,Unworn (100%),1
Eye Cream,,,1
6007G (Calatrava),,,1
21030422003002 (Seamaster Diver 300 M Blue),Seamaster Diver,Unworn (100%),1
Service & Polish,World Time,Good (80%),1
WSTA0040 (Tank Must XL),Tank Must,Unworn (100%),1
26048OK.ZZ.D010CA.01 (Royal Oak OffShore),Royal Oak OffShore,,1
326933 (Sky-Dweller),,,1
565.NX.7170.RX (Classic Fusion Titanium 38mm),,,1
Master Square 6002 M QZ BLC PR EL AC,,,1
V45 SC DT CAR BR GEN R,,,1
26420SO.OO.A600CA.01 (Royal Oak Offshore),ROO 43,Good (80%),1
Kelly 20 Gold Epsom GHW W,Kelly 20,Unworn (100%),1
PAM01273 (Luminor Due Luna blue),Luminor Due Luna Blue,Unworn (100%),1
Birkin 25 Touch Gris Meyer,,,1
21030422010001 (Seamaster Diver 300M),Seamaster Diver 300m,Unworn (100%),1
W2SA0012 (Santos-Dumont),,,1
336238 Black (Sky-Dweller),Sky-Dweller,Unworn (100%),1
126655 (Yacht-Master 40),Yacht-Master 40,Unworn (100%),1
278384NG Jub (Datejust 31),Datejust 31,Unworn (100%),1
542.NX.1171.LR (Classic Fusion Titanium Auto 42mm),Classic Fusion,Unworn (100%),1
V32 QZ AC.RG BLC RGE AC,,,1
22512435002001 (Seamaster Bullhead 43 mm),,,1
662.NE.2010.RW.1204 (Spirit Of Big Bang Titanium White Diamonds 39 mm),,,1
5712/1A (Nautilus Moon Phase),,,1
WJPN0016 (Panthère),,,1
279171G Choco Jub (Lady Datejust),Lady Datejust 28,Unworn (100%),1
PAM01305 (Luminor Submersible),Submersible 47,Fair (70%),1
M7941A1A0NU-0001 (Black Bay),Black Bay 41,Unworn (100%),1
21032422001001 (Sea Master Diver 300m),Seamaster Diver 300M,Unworn (100%),1
L52554756 (DolceVita),Dolcevita,Unworn (100%),1
26420SO Brown (ROO),,,1
226570 White (Explorer II),Explorer II,Unworn (100%),1
79230N-0001 (Black Bay 41),Black Bay 41,New Old Stock (99%),1
126331G Choco (Jub),Datejust 41,Unworn (100%),1
M79363N-0001 (Black Bay Chrono),Black Bay Chrono,Unworn (100%),1
126660DB (Deepsea),Sea-Dweller,Mint/Like New (95%),1
The Lifting Firming Serum,,,1
5204P-011 (Perpetual Calendar Chronograph),,,1
224270 (Explorer Black),Explorer 40,Mint/Like New (95%),1
CAZ101AL.FT8052 (Formula 1 x Red Bull),Formula 1 x Red Bull,Unworn (100%),1
336239 (Sky-Dweller Black),Sky-Dweller,Unworn (100%),1
126231G Slate Fluted Motif Jub,,,1
77350ST (RO),Royal Oak,,1
